--
-- PostgreSQL database dump
--

-- Dumped from database version 14.1 (Debian 14.1-1.pgdg110+1)
-- Dumped by pg_dump version 14.3

SET statement_timeout = 0;
SET lock_timeout = 0;
SET idle_in_transaction_session_timeout = 0;
SET client_encoding = 'UTF8';
SET standard_conforming_strings = on;
SELECT pg_catalog.set_config('search_path', '', false);
SET check_function_bodies = false;
SET xmloption = content;
SET client_min_messages = warning;
SET row_security = off;

SET default_tablespace = '';

SET default_table_access_method = heap;

--
-- Name: _sqlx_migrations; Type: TABLE; Schema: public; Owner: monster_discount
--

CREATE TABLE public._sqlx_migrations (
    version bigint NOT NULL,
    description text NOT NULL,
    installed_on timestamp with time zone DEFAULT now() NOT NULL,
    success boolean NOT NULL,
    checksum bytea NOT NULL,
    execution_time bigint NOT NULL
);


ALTER TABLE public._sqlx_migrations OWNER TO monster_discount;

--
-- Name: markets; Type: TABLE; Schema: public; Owner: monster_discount
--

CREATE TABLE public.markets (
    id integer NOT NULL,
    created_at timestamp with time zone DEFAULT now() NOT NULL
);


ALTER TABLE public.markets OWNER TO monster_discount;

--
-- Name: scrapes; Type: TABLE; Schema: public; Owner: monster_discount
--

CREATE TABLE public.scrapes (
    id integer NOT NULL,
    discounted boolean NOT NULL,
    created_at timestamp with time zone DEFAULT now() NOT NULL,
    success boolean DEFAULT true NOT NULL,
    price integer,
    market_id integer
);


ALTER TABLE public.scrapes OWNER TO monster_discount;

--
-- Name: scrapes_id_seq; Type: SEQUENCE; Schema: public; Owner: monster_discount
--

CREATE SEQUENCE public.scrapes_id_seq
    AS integer
    START WITH 1
    INCREMENT BY 1
    NO MINVALUE
    NO MAXVALUE
    CACHE 1;


ALTER TABLE public.scrapes_id_seq OWNER TO monster_discount;

--
-- Name: scrapes_id_seq; Type: SEQUENCE OWNED BY; Schema: public; Owner: monster_discount
--

ALTER SEQUENCE public.scrapes_id_seq OWNED BY public.scrapes.id;


--
-- Name: token__market; Type: TABLE; Schema: public; Owner: monster_discount
--

CREATE TABLE public.token__market (
    token character varying(300) NOT NULL,
    market_id integer NOT NULL,
    wants_aldi boolean DEFAULT false
);


ALTER TABLE public.token__market OWNER TO monster_discount;

--
-- Name: scrapes id; Type: DEFAULT; Schema: public; Owner: monster_discount
--

ALTER TABLE ONLY public.scrapes ALTER COLUMN id SET DEFAULT nextval('public.scrapes_id_seq'::regclass);


--
-- Data for Name: _sqlx_migrations; Type: TABLE DATA; Schema: public; Owner: monster_discount
--

COPY public._sqlx_migrations (version, description, installed_on, success, checksum, execution_time) FROM stdin;
\.


--
-- Data for Name: markets; Type: TABLE DATA; Schema: public; Owner: monster_discount
--

COPY public.markets (id, created_at) FROM stdin;
1940156	2022-05-29 23:52:44.703458+00
4040379	2022-05-31 09:29:26.288891+00
1470067	2022-05-31 20:03:43.87363+00
\.


--
-- Data for Name: scrapes; Type: TABLE DATA; Schema: public; Owner: monster_discount
--

COPY public.scrapes (id, discounted, created_at, success, price, market_id) FROM stdin;
7	f	2022-05-30 06:50:29.786186+00	t	\N	1940156
8	f	2022-05-30 09:02:08.673382+00	t	\N	1940156
9	f	2022-05-30 09:03:31.51741+00	t	\N	1940156
10	f	2022-05-30 09:13:14.320679+00	t	\N	1940156
11	f	2022-05-30 22:00:40.419201+00	t	\N	1940156
12	f	2022-05-31 22:00:40.413106+00	t	\N	1940156
13	f	2022-05-31 22:00:42.750794+00	t	\N	4040379
14	f	2022-05-31 22:00:45.354876+00	t	\N	1470067
15	f	2022-06-01 07:33:26.006246+00	t	\N	1940156
16	f	2022-06-01 07:33:28.039613+00	t	\N	1470067
17	f	2022-06-07 13:23:56.873913+00	t	\N	1940156
18	f	2022-06-07 13:23:59.319518+00	t	\N	1470067
19	f	2022-06-07 15:53:38.907002+00	t	\N	1940156
20	f	2022-06-07 15:53:41.674877+00	t	\N	1470067
21	f	2022-06-09 11:48:04.198333+00	t	\N	1470067
22	f	2022-06-09 11:48:06.970397+00	t	\N	1940156
23	f	2022-06-09 17:03:39.736964+00	t	\N	1470067
24	f	2022-06-09 17:03:42.561911+00	t	\N	1940156
25	f	2022-06-09 17:08:33.327638+00	t	\N	1470067
26	f	2022-06-09 17:08:36.774843+00	t	\N	1940156
27	f	2022-06-09 18:00:40.871097+00	t	\N	1940156
28	f	2022-06-09 18:00:43.547441+00	t	\N	1470067
29	f	2022-06-09 19:00:41.284032+00	t	\N	1940156
30	f	2022-06-09 19:00:43.834325+00	t	\N	1470067
31	f	2022-06-13 09:44:30.819347+00	t	\N	1940156
32	f	2022-06-13 09:44:33.726696+00	t	\N	1470067
33	f	2022-06-13 09:44:55.836016+00	t	\N	1940156
34	f	2022-06-13 09:44:59.128888+00	t	\N	1470067
35	f	2022-06-17 11:09:22.200209+00	t	\N	1940156
36	f	2022-06-17 11:09:25.083297+00	t	\N	1470067
37	f	2022-06-17 11:27:11.456084+00	t	\N	1940156
38	f	2022-06-17 11:27:24.0422+00	t	\N	1470067
39	f	2022-06-17 11:51:41.551915+00	t	\N	1940156
40	f	2022-06-17 11:51:41.852183+00	t	\N	1470067
41	f	2022-06-17 11:52:11.21019+00	t	\N	1940156
42	f	2022-06-17 11:52:11.549683+00	t	\N	1470067
43	f	2022-06-17 11:52:24.430438+00	t	\N	1940156
44	f	2022-06-17 11:52:24.750343+00	t	\N	1470067
45	f	2022-06-17 12:00:40.401059+00	t	\N	1940156
46	f	2022-06-17 12:00:42.86357+00	t	\N	1470067
47	f	2022-06-17 12:00:59.689701+00	t	\N	1940156
48	f	2022-06-17 12:01:00.036584+00	t	\N	1470067
49	f	2022-06-17 13:00:39.942001+00	t	\N	1940156
50	f	2022-06-17 13:00:46.292298+00	t	\N	1470067
51	f	2022-06-17 13:00:59.490964+00	t	\N	1470067
52	f	2022-06-17 13:01:00.007808+00	t	\N	1940156
53	f	2022-06-17 14:00:41.920119+00	t	\N	1470067
54	f	2022-06-17 14:00:45.182959+00	t	\N	1940156
55	f	2022-06-17 14:00:59.708657+00	t	\N	1940156
56	f	2022-06-17 14:01:00.032063+00	t	\N	1470067
57	f	2022-06-17 16:30:08.698804+00	t	\N	1470067
58	f	2022-06-17 16:30:09.330212+00	t	\N	1940156
59	f	2022-06-17 17:01:00.477652+00	t	\N	1940156
60	f	2022-06-17 17:01:00.788857+00	t	\N	1470067
61	f	2022-06-18 14:24:16.525444+00	t	\N	1470067
62	f	2022-06-18 14:24:17.011881+00	t	\N	1940156
63	f	2022-06-18 15:00:59.702714+00	t	\N	1940156
64	f	2022-06-18 15:01:00.026957+00	t	\N	1470067
65	f	2022-06-18 16:00:59.511143+00	t	\N	1470067
66	f	2022-06-18 16:00:59.986487+00	t	\N	1940156
67	f	2022-06-18 17:00:59.461597+00	t	\N	1470067
68	f	2022-06-18 17:00:59.957721+00	t	\N	1940156
69	f	2022-06-18 18:00:59.673508+00	t	\N	1940156
70	f	2022-06-18 18:01:01.111605+00	t	\N	1470067
71	f	2022-06-19 14:15:32.04097+00	t	\N	1470067
72	f	2022-06-19 14:15:32.524794+00	t	\N	1940156
73	f	2022-06-19 15:00:59.892648+00	t	\N	1940156
74	f	2022-06-19 15:01:00.19889+00	t	\N	1470067
75	f	2022-06-19 16:00:59.653373+00	t	\N	1940156
76	f	2022-06-19 16:00:59.98347+00	t	\N	1470067
77	f	2022-06-19 17:00:59.424307+00	t	\N	1470067
78	f	2022-06-19 17:00:59.930003+00	t	\N	1940156
79	f	2022-06-19 18:00:59.543261+00	t	\N	1470067
80	f	2022-06-19 18:01:00.019624+00	t	\N	1940156
81	f	2022-06-19 19:00:59.606439+00	t	\N	1940156
82	f	2022-06-19 19:00:59.961472+00	t	\N	1470067
83	f	2022-06-19 20:00:59.486785+00	t	\N	1470067
84	f	2022-06-19 20:01:00.064846+00	t	\N	1940156
85	f	2022-06-19 21:00:59.579073+00	t	\N	1940156
86	f	2022-06-19 21:00:59.917388+00	t	\N	1470067
87	f	2022-06-20 06:58:04.618645+00	t	\N	1940156
88	f	2022-06-20 06:58:05.043704+00	t	\N	1470067
89	f	2022-06-20 07:00:59.442734+00	t	\N	1470067
90	f	2022-06-20 07:00:59.915153+00	t	\N	1940156
91	f	2022-06-20 08:00:59.547159+00	t	\N	1470067
92	f	2022-06-20 08:01:00.023011+00	t	\N	1940156
93	f	2022-06-20 09:00:59.364423+00	t	\N	1470067
94	f	2022-06-20 09:00:59.869624+00	t	\N	1940156
95	f	2022-06-20 10:00:59.60646+00	t	\N	1940156
96	f	2022-06-20 10:00:59.921748+00	t	\N	1470067
97	f	2022-06-20 11:00:10.131518+00	t	\N	1470067
98	f	2022-06-20 11:00:10.667783+00	t	\N	1940156
99	f	2022-06-20 12:00:59.465356+00	t	\N	1470067
100	f	2022-06-20 12:00:59.951194+00	t	\N	1940156
101	f	2022-06-20 13:00:59.688994+00	t	\N	1940156
102	f	2022-06-20 13:01:00.014697+00	t	\N	1470067
103	f	2022-06-20 14:00:19.004874+00	t	\N	1470067
104	f	2022-06-20 14:00:19.497551+00	t	\N	1940156
105	f	2022-06-20 14:15:43.290557+00	t	169	1940156
106	f	2022-06-20 14:15:43.743737+00	t	169	1470067
107	f	2022-06-20 14:19:04.787979+00	t	169	1470067
108	f	2022-06-20 14:19:05.412423+00	t	169	1940156
109	f	2022-06-20 14:19:31.689747+00	t	169	1470067
110	f	2022-06-20 14:19:32.309604+00	t	169	1940156
111	f	2022-06-20 15:00:59.650609+00	t	\N	1940156
112	f	2022-06-20 15:01:00.096321+00	t	\N	1470067
113	f	2022-06-20 16:00:59.560705+00	t	\N	1940156
114	f	2022-06-20 16:00:59.886866+00	t	\N	1470067
115	f	2022-06-20 17:01:00.068259+00	t	\N	1940156
116	f	2022-06-20 17:01:00.593827+00	t	\N	1470067
117	f	2022-06-20 18:01:00.734206+00	t	\N	1470067
118	f	2022-06-20 18:01:01.58215+00	t	\N	1940156
119	f	2022-06-20 19:01:00.136318+00	t	\N	1940156
120	f	2022-06-20 19:01:00.713061+00	t	\N	1470067
121	f	2022-06-20 20:00:59.511295+00	t	\N	1470067
122	f	2022-06-20 20:01:00.016272+00	t	\N	1940156
123	f	2022-06-20 21:00:59.529467+00	t	\N	1940156
124	f	2022-06-20 21:00:59.846991+00	t	\N	1470067
125	f	2022-06-20 21:38:35.366917+00	t	169	1940156
126	f	2022-06-20 21:38:35.813329+00	t	169	1470067
127	f	2022-06-21 07:13:22.565227+00	t	169	1940156
128	f	2022-06-21 07:13:23.050997+00	t	169	1470067
129	f	2022-06-21 08:00:59.552786+00	t	169	1470067
130	f	2022-06-21 08:01:00.146284+00	t	169	1940156
131	f	2022-06-21 09:00:59.747489+00	t	169	1940156
132	f	2022-06-21 09:01:00.214041+00	t	169	1470067
133	f	2022-06-21 10:00:59.65684+00	t	169	1470067
134	f	2022-06-21 10:01:00.312506+00	t	169	1940156
135	f	2022-06-21 11:01:01.615632+00	t	169	1940156
136	f	2022-06-21 11:01:02.129898+00	t	169	1470067
137	f	2022-06-21 12:00:59.640214+00	t	169	1470067
138	f	2022-06-21 12:01:00.30866+00	t	169	1940156
139	f	2022-06-21 13:00:59.913059+00	t	169	1470067
140	f	2022-06-21 13:01:00.8538+00	t	169	1940156
141	f	2022-06-21 14:01:00.163758+00	t	169	1940156
142	f	2022-06-21 14:01:00.686532+00	t	169	1470067
143	f	2022-06-21 15:00:59.601141+00	t	169	1470067
144	f	2022-06-21 15:01:00.856555+00	t	169	1940156
145	f	2022-06-21 16:00:59.640551+00	t	169	1470067
146	f	2022-06-21 16:01:00.307906+00	t	169	1940156
147	f	2022-06-21 17:00:59.853478+00	t	169	1940156
148	f	2022-06-21 17:01:00.532516+00	t	169	1470067
149	f	2022-06-21 18:00:59.536352+00	t	169	1470067
150	f	2022-06-21 18:01:00.210617+00	t	169	1940156
151	f	2022-06-21 19:01:00.014992+00	t	169	1940156
152	f	2022-06-21 19:01:00.550013+00	t	169	1470067
153	f	2022-06-22 07:01:00.256868+00	t	169	1470067
154	f	2022-06-22 07:01:01.032469+00	t	169	1940156
155	f	2022-06-22 08:00:06.928221+00	t	169	1940156
156	f	2022-06-22 08:00:07.432251+00	t	169	1470067
157	f	2022-06-22 09:00:59.500868+00	t	169	1470067
158	f	2022-06-22 09:01:00.287589+00	t	169	1940156
159	f	2022-06-22 10:00:59.600984+00	t	169	1470067
160	f	2022-06-22 10:01:00.228319+00	t	169	1940156
161	f	2022-06-22 11:00:59.553836+00	t	169	1470067
162	f	2022-06-22 11:01:00.249608+00	t	169	1940156
163	f	2022-06-22 12:00:59.544079+00	t	169	1470067
164	f	2022-06-22 12:01:00.191892+00	t	169	1940156
165	f	2022-06-22 13:00:59.648898+00	t	169	1940156
166	f	2022-06-22 13:01:00.113644+00	t	169	1470067
167	f	2022-06-22 14:00:59.564774+00	t	169	1470067
168	f	2022-06-22 14:01:00.251441+00	t	169	1940156
169	f	2022-06-22 15:00:59.527237+00	t	169	1470067
170	f	2022-06-22 15:01:00.167166+00	t	169	1940156
171	f	2022-06-22 16:00:59.697299+00	t	169	1940156
172	f	2022-06-22 16:01:00.166112+00	t	169	1470067
173	f	2022-06-22 17:00:59.697328+00	t	169	1940156
174	f	2022-06-22 17:01:00.172579+00	t	169	1470067
175	f	2022-06-22 18:00:59.651835+00	t	169	1940156
176	f	2022-06-22 18:01:00.113755+00	t	169	1470067
177	f	2022-06-22 19:00:59.993763+00	t	169	1940156
178	f	2022-06-22 19:01:00.505174+00	t	169	1470067
179	f	2022-06-22 20:00:59.60386+00	t	169	1940156
180	f	2022-06-22 20:01:00.110468+00	t	169	1470067
181	f	2022-06-23 07:28:19.732653+00	t	169	1470067
182	f	2022-06-23 07:28:20.373812+00	t	169	1940156
183	f	2022-06-23 07:28:21.81113+00	t	169	1470067
184	f	2022-06-23 07:28:22.568911+00	t	169	1940156
185	f	2022-06-23 08:00:59.632678+00	t	169	1470067
186	f	2022-06-23 08:01:00.261403+00	t	169	1940156
187	f	2022-06-23 09:00:59.616414+00	t	169	1940156
188	f	2022-06-23 09:01:00.112485+00	t	169	1470067
189	f	2022-06-23 10:00:59.539347+00	t	169	1470067
190	f	2022-06-23 10:01:00.152264+00	t	169	1940156
191	f	2022-06-25 12:17:16.248641+00	t	169	1470067
192	f	2022-06-25 12:17:16.860583+00	t	169	1940156
193	f	2022-06-25 13:00:27.967882+00	t	169	1940156
194	f	2022-06-25 13:00:28.427065+00	t	169	1470067
195	f	2022-06-25 14:00:27.562054+00	t	169	1470067
196	f	2022-06-25 14:00:28.167326+00	t	169	1940156
197	f	2022-06-25 15:00:28.039822+00	t	169	1940156
198	f	2022-06-25 15:00:28.477933+00	t	169	1470067
199	f	2022-06-25 16:00:27.580381+00	t	169	1470067
200	f	2022-06-25 16:00:28.277811+00	t	169	1940156
201	f	2022-06-25 17:00:27.619688+00	t	169	1470067
202	f	2022-06-25 17:00:28.275392+00	t	169	1940156
203	f	2022-06-25 18:00:28.046927+00	t	169	1940156
204	f	2022-06-25 18:00:28.529511+00	t	169	1470067
205	f	2022-06-25 19:00:28.189483+00	t	169	1470067
206	f	2022-06-25 19:00:29.021812+00	t	169	1940156
207	f	2022-06-25 20:00:28.95948+00	t	169	1470067
208	f	2022-06-25 20:00:30.811875+00	t	169	1940156
209	f	2022-06-25 21:00:28.204686+00	t	169	1940156
210	f	2022-06-25 21:00:28.820377+00	t	169	1470067
211	f	2022-06-25 22:34:51.829448+00	t	169	1470067
212	f	2022-06-25 22:34:52.533885+00	t	169	1940156
213	f	2022-06-26 14:03:19.095465+00	t	169	1940156
214	f	2022-06-26 14:03:19.614732+00	t	169	1470067
215	f	2022-06-26 15:00:27.63627+00	t	169	1470067
216	f	2022-06-26 15:00:28.322664+00	t	169	1940156
217	f	2022-06-26 16:00:28.157388+00	t	169	1940156
218	f	2022-06-26 16:00:28.614567+00	t	169	1470067
219	f	2022-06-26 22:59:43.729655+00	t	169	1470067
220	f	2022-06-26 22:59:44.349043+00	t	169	1940156
221	f	2022-06-26 23:00:27.696451+00	t	169	1940156
222	f	2022-06-26 23:00:28.159974+00	t	169	1470067
223	f	2022-06-27 00:00:27.590247+00	t	169	1940156
224	f	2022-06-27 00:00:28.159352+00	t	169	1470067
225	f	2022-06-27 10:36:42.739942+00	t	169	1940156
226	f	2022-06-27 10:36:43.200298+00	t	169	1470067
227	f	2022-06-27 11:00:27.530141+00	t	169	1470067
228	f	2022-06-27 11:00:28.139055+00	t	169	1940156
229	f	2022-06-27 12:00:27.708496+00	t	169	1940156
230	f	2022-06-27 12:00:28.227118+00	t	169	1470067
231	f	2022-06-27 13:00:27.754463+00	t	169	1940156
232	f	2022-06-27 13:00:28.707143+00	t	169	1470067
233	f	2022-06-27 14:00:27.842215+00	t	169	1940156
234	f	2022-06-27 14:00:28.628159+00	t	169	1470067
235	f	2022-06-27 15:00:27.687376+00	t	169	1940156
236	f	2022-06-27 15:00:28.149036+00	t	169	1470067
237	f	2022-06-27 16:00:27.689156+00	t	169	1470067
238	f	2022-06-27 16:00:28.33164+00	t	169	1940156
239	f	2022-06-27 17:00:27.70885+00	t	169	1940156
240	f	2022-06-27 17:00:28.322873+00	t	169	1470067
241	f	2022-06-27 18:00:27.78361+00	t	169	1940156
242	f	2022-06-27 18:00:28.385143+00	t	169	1470067
243	f	2022-06-27 19:00:29.176227+00	t	169	1940156
244	f	2022-06-27 19:00:29.756865+00	t	169	1470067
245	f	2022-06-27 20:00:27.700922+00	t	169	1940156
246	f	2022-06-27 20:00:28.156446+00	t	169	1470067
247	f	2022-06-27 21:00:28.079195+00	t	169	1470067
248	f	2022-06-27 21:00:28.670531+00	t	169	1940156
249	f	2022-06-27 22:00:27.618185+00	t	169	1470067
250	f	2022-06-27 22:00:28.193524+00	t	169	1940156
251	f	2022-06-27 23:00:27.613648+00	t	169	1940156
252	f	2022-06-27 23:00:28.058455+00	t	169	1470067
253	f	2022-06-28 14:07:18.600272+00	t	169	1940156
254	f	2022-06-28 14:07:19.099455+00	t	169	1470067
255	f	2022-06-28 15:00:27.545546+00	t	169	1940156
256	f	2022-06-28 15:00:28.044558+00	t	169	1470067
257	f	2022-06-28 16:00:27.584076+00	t	169	1940156
258	f	2022-06-28 16:00:28.06318+00	t	169	1470067
259	f	2022-06-29 14:10:26.392707+00	t	169	1940156
260	f	2022-06-29 14:10:26.867019+00	t	169	1470067
261	f	2022-06-29 22:55:59.048317+00	t	169	1940156
262	f	2022-06-29 22:55:59.549461+00	t	169	1470067
263	f	2022-06-29 23:00:29.004262+00	t	169	1940156
264	f	2022-06-29 23:00:29.879727+00	t	169	1470067
265	f	2022-06-30 00:00:27.390933+00	t	169	1470067
266	f	2022-06-30 00:00:27.970989+00	t	169	1940156
267	f	2022-06-30 01:00:27.543326+00	t	169	1940156
268	f	2022-06-30 01:00:27.985216+00	t	169	1470067
269	f	2022-07-02 20:04:35.9914+00	t	169	1940156
270	f	2022-07-02 20:04:36.555306+00	t	169	1470067
271	f	2022-07-02 21:00:27.395349+00	t	169	1940156
272	f	2022-07-02 21:00:27.845024+00	t	169	1470067
273	f	2022-07-02 22:00:27.738164+00	t	169	1940156
274	f	2022-07-02 22:00:28.199012+00	t	169	1470067
275	f	2022-07-02 23:00:27.229586+00	t	169	1470067
276	f	2022-07-02 23:00:27.808039+00	t	169	1940156
277	f	2022-07-03 00:00:27.201744+00	t	169	1470067
278	f	2022-07-03 00:00:27.847709+00	t	169	1940156
279	f	2022-07-03 01:00:27.413777+00	t	169	1940156
280	f	2022-07-03 01:00:27.859375+00	t	169	1470067
281	f	2022-07-03 02:00:27.356354+00	t	169	1940156
282	f	2022-07-03 02:00:27.802685+00	t	169	1470067
283	f	2022-07-03 03:00:27.392671+00	t	169	1940156
284	f	2022-07-03 03:00:27.835821+00	t	169	1470067
285	f	2022-07-03 04:00:27.351915+00	t	169	1940156
286	f	2022-07-03 04:00:27.78865+00	t	169	1470067
287	f	2022-07-03 05:00:27.192069+00	t	169	1470067
288	f	2022-07-03 05:00:27.841989+00	t	169	1940156
289	f	2022-07-03 21:07:30.924271+00	t	169	1470067
290	f	2022-07-03 21:07:31.595916+00	t	169	1940156
291	f	2022-07-03 22:00:27.77322+00	t	169	1470067
292	f	2022-07-03 22:00:28.767634+00	t	169	1940156
293	f	2022-07-04 01:17:34.093479+00	t	169	1940156
294	f	2022-07-04 01:17:34.531323+00	t	169	1470067
295	f	2022-07-04 02:00:38.961152+00	t	169	1940156
296	f	2022-07-04 02:00:39.407482+00	t	169	1470067
297	f	2022-07-04 03:00:38.960192+00	t	169	1940156
298	f	2022-07-04 03:00:39.416276+00	t	169	1470067
299	f	2022-07-04 09:12:57.851094+00	t	169	1940156
300	f	2022-07-04 09:12:58.375251+00	t	169	1470067
301	f	2022-07-04 10:00:39.760815+00	t	169	1470067
302	f	2022-07-04 10:00:40.501765+00	t	169	1940156
303	f	2022-07-04 11:00:39.07098+00	t	169	1940156
304	f	2022-07-04 11:00:39.606381+00	t	169	1470067
305	f	2022-07-04 12:00:38.875685+00	t	169	1470067
306	f	2022-07-04 12:00:39.648941+00	t	169	1940156
307	f	2022-07-04 13:05:13.719085+00	t	169	1470067
308	f	2022-07-04 13:05:14.37396+00	t	169	1940156
309	f	2022-07-04 14:00:42.346213+00	t	169	1940156
310	f	2022-07-04 14:00:42.814335+00	t	169	1470067
311	f	2022-07-04 14:03:48.560671+00	t	169	1940156
312	f	2022-07-04 14:03:49.0146+00	t	169	1470067
313	f	2022-07-04 15:00:42.35107+00	t	169	1940156
314	f	2022-07-04 15:00:42.820275+00	t	169	1470067
315	f	2022-07-05 15:36:01.824234+00	t	169	1940156
316	f	2022-07-05 15:36:02.317378+00	t	169	1470067
317	f	2022-07-05 16:00:42.377546+00	t	169	1940156
318	f	2022-07-05 16:00:42.862997+00	t	169	1470067
319	f	2022-07-05 17:00:42.061415+00	t	169	1470067
320	f	2022-07-05 17:00:42.728704+00	t	169	1940156
321	f	2022-07-05 18:00:42.215368+00	t	169	1940156
322	f	2022-07-05 18:00:42.711463+00	t	169	1470067
323	f	2022-07-05 19:00:42.433044+00	t	169	1940156
324	f	2022-07-05 19:00:42.997959+00	t	169	1470067
325	f	2022-07-05 20:00:42.33114+00	t	169	1940156
326	f	2022-07-05 20:00:42.847155+00	t	169	1470067
327	f	2022-07-05 21:00:42.267424+00	t	169	1940156
328	f	2022-07-05 21:00:42.720116+00	t	169	1470067
329	f	2022-07-06 09:24:45.421056+00	t	169	1470067
330	f	2022-07-06 09:24:46.408783+00	t	169	1940156
331	f	2022-07-06 10:00:42.394945+00	t	169	1940156
332	f	2022-07-06 10:00:42.845761+00	t	169	1470067
333	f	2022-07-06 11:00:41.842734+00	t	169	1470067
334	f	2022-07-06 11:00:42.549023+00	t	169	1940156
335	f	2022-07-06 12:00:43.62007+00	t	169	1940156
336	f	2022-07-06 12:00:44.086308+00	t	169	1470067
337	f	2022-07-06 13:00:42.107631+00	t	169	1470067
338	f	2022-07-06 13:00:42.911484+00	t	169	1940156
339	f	2022-07-06 14:00:42.33194+00	t	169	1940156
340	f	2022-07-06 14:00:42.888372+00	t	169	1470067
341	f	2022-07-06 16:51:14.909681+00	t	169	1940156
342	f	2022-07-06 16:51:16.034982+00	t	169	1470067
343	f	2022-07-06 17:00:28.28697+00	t	169	1940156
344	f	2022-07-06 17:00:28.72974+00	t	169	1470067
345	f	2022-07-06 18:00:42.422838+00	t	169	1940156
346	f	2022-07-06 18:00:42.873741+00	t	169	1470067
347	f	2022-07-07 12:11:56.354239+00	t	169	1470067
348	f	2022-07-07 12:11:57.098438+00	t	169	1940156
349	f	2022-07-07 13:00:42.710224+00	t	169	1940156
350	f	2022-07-07 13:00:43.434353+00	t	169	1470067
351	f	2022-07-07 14:00:42.647739+00	t	169	1940156
352	f	2022-07-07 14:00:43.381349+00	t	169	1470067
353	f	2022-07-07 17:39:52.139942+00	t	169	1470067
354	f	2022-07-07 17:39:57.801615+00	t	169	1940156
355	f	2022-07-07 18:00:50.549781+00	t	169	1940156
356	f	2022-07-07 18:00:55.183369+00	t	169	1470067
357	f	2022-07-07 20:11:10.931921+00	t	169	1940156
358	f	2022-07-07 20:11:15.583429+00	t	169	1470067
359	f	2022-07-07 21:00:50.140851+00	t	169	1940156
360	f	2022-07-07 21:00:54.607544+00	t	169	1470067
361	f	2022-07-07 22:00:50.246526+00	t	169	1470067
362	f	2022-07-07 22:00:54.661818+00	t	169	1940156
363	f	2022-07-08 14:43:19.561679+00	t	169	1940156
364	f	2022-07-08 14:43:23.961982+00	t	169	1470067
365	f	2022-07-08 15:00:09.877877+00	f	\N	1940156
366	f	2022-07-08 15:00:10.211635+00	f	\N	1470067
367	f	2022-07-08 16:00:41.141705+00	f	\N	1470067
368	f	2022-07-08 16:00:41.429516+00	f	\N	1940156
369	f	2022-07-08 17:00:42.208538+00	f	\N	1940156
370	f	2022-07-08 17:00:42.492816+00	f	\N	1470067
371	f	2022-07-09 13:02:46.305648+00	t	169	1940156
372	f	2022-07-09 13:02:47.096924+00	t	169	1470067
373	f	2022-07-09 14:00:42.893888+00	t	169	1940156
374	f	2022-07-09 14:00:43.543162+00	t	169	1470067
375	t	2022-07-11 13:19:35.380909+00	t	88	1940156
376	t	2022-07-11 13:19:37.612666+00	t	88	1470067
377	t	2022-07-11 14:00:41.990537+00	t	88	1470067
378	t	2022-07-11 14:00:42.608859+00	t	88	1940156
379	t	2022-07-11 15:00:42.008543+00	t	88	1940156
380	t	2022-07-11 15:00:42.717267+00	t	88	1470067
381	t	2022-07-11 16:00:42.038763+00	t	88	1940156
382	t	2022-07-11 16:00:42.89691+00	t	88	1470067
383	t	2022-07-11 17:00:42.136926+00	t	88	1940156
384	t	2022-07-11 17:00:42.761928+00	t	88	1470067
385	t	2022-07-11 18:00:41.937047+00	t	88	1470067
386	t	2022-07-11 18:00:42.51528+00	t	88	1940156
387	t	2022-07-11 19:00:41.974882+00	t	88	1470067
388	t	2022-07-11 19:00:42.626707+00	t	88	1940156
389	t	2022-07-11 20:00:41.938846+00	t	88	1940156
390	t	2022-07-11 20:00:42.672825+00	t	88	1470067
391	t	2022-07-11 21:00:41.896124+00	t	88	1940156
392	t	2022-07-11 21:00:42.456988+00	t	88	1470067
393	t	2022-07-11 22:00:42.053882+00	t	88	1940156
394	t	2022-07-11 22:00:42.659169+00	t	88	1470067
395	t	2022-07-11 23:00:41.909015+00	t	88	1470067
396	t	2022-07-11 23:00:42.527671+00	t	88	1940156
397	t	2022-07-12 00:00:41.938963+00	t	88	1470067
398	t	2022-07-12 00:00:42.514577+00	t	88	1940156
399	t	2022-07-12 01:00:41.926299+00	t	88	1940156
400	t	2022-07-12 01:00:42.52229+00	t	88	1470067
401	t	2022-07-12 02:00:42.281735+00	t	88	1940156
402	t	2022-07-12 02:00:44.056168+00	t	88	1470067
403	t	2022-07-12 03:00:42.062863+00	t	88	1940156
404	t	2022-07-12 03:00:42.700477+00	t	88	1470067
405	t	2022-07-12 04:00:41.948367+00	t	88	1470067
406	t	2022-07-12 04:00:42.57547+00	t	88	1940156
407	t	2022-07-12 05:00:41.887886+00	t	88	1940156
408	t	2022-07-12 05:00:42.473154+00	t	88	1470067
409	t	2022-07-12 06:00:41.898948+00	t	88	1470067
410	t	2022-07-12 06:00:42.518176+00	t	88	1940156
411	t	2022-07-12 07:00:42.373214+00	t	88	1470067
412	t	2022-07-12 07:00:42.952727+00	t	88	1940156
413	t	2022-07-12 08:00:41.93396+00	t	88	1470067
414	t	2022-07-12 08:00:42.535891+00	t	88	1940156
415	t	2022-07-12 09:00:41.954773+00	t	88	1940156
416	t	2022-07-12 09:00:42.554828+00	t	88	1470067
417	t	2022-07-12 10:00:41.928539+00	t	88	1470067
418	t	2022-07-12 10:00:42.529924+00	t	88	1940156
419	t	2022-07-12 11:00:41.946604+00	t	88	1470067
420	t	2022-07-12 11:00:42.551273+00	t	88	1940156
421	t	2022-07-12 12:00:41.85049+00	t	88	1940156
422	t	2022-07-12 12:00:42.437126+00	t	88	1470067
423	t	2022-07-12 13:00:41.942884+00	t	88	1940156
424	t	2022-07-12 13:00:42.539696+00	t	88	1470067
425	t	2022-07-12 14:00:45.394778+00	t	88	1470067
426	t	2022-07-12 14:00:47.086153+00	t	88	1940156
427	t	2022-07-12 15:00:41.92875+00	t	88	1940156
428	t	2022-07-12 15:00:42.573278+00	t	88	1470067
429	t	2022-07-12 16:00:41.936305+00	t	88	1470067
430	t	2022-07-12 16:00:42.868315+00	t	88	1940156
431	t	2022-07-12 17:00:41.990743+00	t	88	1940156
432	t	2022-07-12 17:00:42.61948+00	t	88	1470067
433	t	2022-07-12 18:00:41.910002+00	t	88	1470067
434	t	2022-07-12 18:00:42.538643+00	t	88	1940156
435	t	2022-07-13 21:42:31.497978+00	t	88	1470067
436	t	2022-07-13 21:42:32.180189+00	t	88	1940156
437	t	2022-07-13 22:00:42.685641+00	t	88	1470067
438	t	2022-07-13 22:00:43.280503+00	t	88	1940156
439	t	2022-07-13 23:00:42.238955+00	t	88	1470067
440	t	2022-07-13 23:00:42.997387+00	t	88	1940156
441	t	2022-07-14 13:06:26.116977+00	t	88	1470067
442	t	2022-07-14 13:06:26.721458+00	t	88	1940156
443	t	2022-07-14 14:00:42.75938+00	t	88	1470067
444	t	2022-07-14 14:00:44.921779+00	t	88	1940156
445	t	2022-07-14 15:00:41.839229+00	t	88	1470067
446	t	2022-07-14 15:00:42.464281+00	t	88	1940156
447	t	2022-07-14 16:00:41.901089+00	t	88	1940156
448	t	2022-07-14 16:00:42.509729+00	t	88	1470067
449	t	2022-07-14 17:00:42.087867+00	t	88	1940156
450	t	2022-07-14 17:00:42.821382+00	t	88	1470067
451	t	2022-07-14 18:00:41.871796+00	t	88	1940156
452	t	2022-07-14 18:00:42.486608+00	t	88	1470067
453	t	2022-07-14 19:00:45.424993+00	t	88	1470067
454	t	2022-07-14 19:00:47.075197+00	t	88	1940156
455	t	2022-07-14 20:00:41.853448+00	t	88	1470067
456	t	2022-07-14 20:00:42.47533+00	t	88	1940156
457	t	2022-07-14 21:00:41.800455+00	t	88	1470067
458	t	2022-07-14 21:00:42.443597+00	t	88	1940156
459	t	2022-07-14 22:00:41.793568+00	t	88	1940156
460	t	2022-07-14 22:00:42.405087+00	t	88	1470067
461	t	2022-07-16 11:22:19.514693+00	t	88	1940156
462	t	2022-07-16 11:22:20.164941+00	t	88	1470067
463	f	2022-07-17 15:59:30.064955+00	t	169	1470067
464	f	2022-07-17 15:59:30.800669+00	t	169	1940156
465	f	2022-07-17 16:00:41.869658+00	t	169	1940156
466	f	2022-07-17 16:00:42.476969+00	t	169	1470067
467	f	2022-07-17 17:00:41.697395+00	t	169	1940156
468	f	2022-07-17 17:00:42.282316+00	t	169	1470067
469	f	2022-07-17 18:00:41.656393+00	t	169	1940156
470	f	2022-07-17 18:00:42.30082+00	t	169	1470067
471	f	2022-07-17 19:00:41.739836+00	t	169	1470067
472	f	2022-07-17 19:00:42.34192+00	t	169	1940156
473	f	2022-07-17 20:00:41.699756+00	t	169	1470067
474	f	2022-07-17 20:00:42.2847+00	t	169	1940156
475	f	2022-07-17 21:00:41.749006+00	t	169	1940156
476	f	2022-07-17 21:00:42.307237+00	t	169	1470067
477	f	2022-07-17 22:00:47.131777+00	t	169	1940156
478	f	2022-07-17 22:00:50.064706+00	t	169	1470067
479	f	2022-07-17 23:00:46.969094+00	t	169	1940156
480	f	2022-07-17 23:00:49.99103+00	t	169	1470067
481	f	2022-07-18 00:00:46.904234+00	t	169	1470067
482	f	2022-07-18 00:00:49.804811+00	t	169	1940156
483	f	2022-07-19 03:28:41.913546+00	t	169	1940156
484	f	2022-07-19 03:28:42.603517+00	t	169	1470067
485	f	2022-07-19 14:58:52.851006+00	t	169	1940156
486	f	2022-07-19 14:58:53.560866+00	t	169	1470067
487	f	2022-07-19 15:00:42.742868+00	t	169	1940156
488	f	2022-07-19 15:00:43.38027+00	t	169	1470067
489	f	2022-07-19 16:00:42.538419+00	t	169	1470067
490	f	2022-07-19 16:00:43.794558+00	t	169	1940156
491	f	2022-07-19 17:00:41.653574+00	t	169	1940156
492	f	2022-07-19 17:00:42.883956+00	t	169	1470067
493	f	2022-07-19 18:00:41.667685+00	t	169	1940156
494	f	2022-07-19 18:00:42.298112+00	t	169	1470067
495	f	2022-07-19 19:00:41.895601+00	t	169	1940156
496	f	2022-07-19 19:00:42.629052+00	t	169	1470067
497	f	2022-07-19 20:00:41.676832+00	t	169	1470067
498	f	2022-07-19 20:00:42.374329+00	t	169	1940156
499	f	2022-07-19 21:00:41.805157+00	t	169	1470067
500	f	2022-07-19 21:00:42.531872+00	t	169	1940156
501	f	2022-07-19 22:00:42.201209+00	t	169	1940156
502	f	2022-07-19 22:00:42.909594+00	t	169	1470067
503	f	2022-07-19 23:00:41.584083+00	t	169	1940156
504	f	2022-07-19 23:00:42.208765+00	t	169	1470067
505	f	2022-07-20 00:00:41.861154+00	t	169	1470067
506	f	2022-07-20 00:00:42.529284+00	t	169	1940156
507	f	2022-07-20 01:00:42.877053+00	t	169	1470067
508	f	2022-07-20 01:00:43.591201+00	t	169	1940156
509	f	2022-07-20 02:00:41.664872+00	t	169	1470067
510	f	2022-07-20 02:00:42.310927+00	t	169	1940156
511	f	2022-07-20 15:11:19.964065+00	t	169	1940156
512	f	2022-07-20 15:11:20.622629+00	t	169	1470067
513	f	2022-07-20 16:00:46.796062+00	t	169	1940156
514	f	2022-07-20 16:00:47.555386+00	t	169	1470067
515	f	2022-07-20 17:00:41.798549+00	t	169	1940156
516	f	2022-07-20 17:00:42.754075+00	t	169	1470067
517	f	2022-07-20 18:00:41.70508+00	t	169	1940156
518	f	2022-07-20 18:00:42.514212+00	t	169	1470067
519	f	2022-07-20 19:00:42.423783+00	t	169	1940156
520	f	2022-07-20 19:00:43.136758+00	t	169	1470067
521	f	2022-07-20 20:00:41.566306+00	t	169	1940156
522	f	2022-07-20 20:00:42.954528+00	t	169	1470067
523	f	2022-07-20 21:00:41.571908+00	t	169	1940156
524	f	2022-07-20 21:00:42.182859+00	t	169	1470067
525	f	2022-07-20 22:00:41.651199+00	t	169	1940156
526	f	2022-07-20 22:00:42.280582+00	t	169	1470067
527	f	2022-07-20 23:00:41.611296+00	t	169	1470067
528	f	2022-07-20 23:00:42.208418+00	t	169	1940156
529	f	2022-07-21 00:00:41.551644+00	t	169	1470067
530	f	2022-07-21 00:00:42.161432+00	t	169	1940156
531	f	2022-07-21 01:00:41.588463+00	t	169	1940156
532	f	2022-07-21 01:00:42.195231+00	t	169	1470067
533	f	2022-07-21 02:00:41.630383+00	t	169	1940156
534	f	2022-07-21 02:00:42.257623+00	t	169	1470067
535	f	2022-07-21 03:00:41.519294+00	t	169	1940156
536	f	2022-07-21 03:00:42.207302+00	t	169	1470067
537	f	2022-07-21 16:03:04.304178+00	t	169	1470067
538	f	2022-07-21 16:03:15.066977+00	t	169	1940156
539	f	2022-07-21 17:00:41.783506+00	t	169	1940156
540	f	2022-07-21 17:00:42.388434+00	t	169	1470067
541	f	2022-07-22 03:15:27.095665+00	t	169	1470067
542	f	2022-07-22 03:15:27.583403+00	t	169	1940156
543	f	2022-07-22 04:00:38.838972+00	t	169	1940156
544	f	2022-07-22 04:00:39.363639+00	t	169	1470067
545	f	2022-07-23 15:24:18.546903+00	t	169	1940156
546	f	2022-07-23 15:24:19.129141+00	t	169	1470067
547	f	2022-07-23 16:00:38.805091+00	t	169	1470067
548	f	2022-07-23 16:00:39.285101+00	t	169	1940156
549	f	2022-07-23 17:00:38.752769+00	t	169	1940156
550	f	2022-07-23 17:00:39.251924+00	t	169	1470067
551	f	2022-07-23 18:00:38.745466+00	t	169	1940156
552	f	2022-07-23 18:00:39.271744+00	t	169	1470067
553	f	2022-07-23 19:00:38.783346+00	t	169	1940156
554	f	2022-07-23 19:00:39.291944+00	t	169	1470067
555	f	2022-07-23 20:00:38.736519+00	t	169	1470067
556	f	2022-07-23 20:00:39.913506+00	t	169	1940156
557	f	2022-07-23 21:00:38.782119+00	t	169	1940156
558	f	2022-07-23 21:00:39.326949+00	t	169	1470067
559	t	2022-07-24 08:17:57.294932+00	t	88	1940156
560	t	2022-07-24 08:17:58.492762+00	t	88	1470067
561	t	2022-07-24 09:38:32.277218+00	t	88	1470067
562	t	2022-07-24 09:38:32.860084+00	t	88	1940156
563	t	2022-07-24 10:00:38.850708+00	t	88	1940156
564	t	2022-07-24 10:00:39.397511+00	t	88	1470067
565	t	2022-07-24 11:00:23.02086+00	t	88	1940156
566	t	2022-07-24 11:00:23.614476+00	t	88	1470067
567	t	2022-07-24 12:00:38.716358+00	t	88	1470067
568	t	2022-07-24 12:00:39.281991+00	t	88	1940156
569	t	2022-07-24 13:00:38.734772+00	t	88	1940156
570	t	2022-07-24 13:00:39.330387+00	t	88	1470067
571	t	2022-07-24 14:00:38.723633+00	t	88	1470067
572	t	2022-07-24 14:00:39.303029+00	t	88	1940156
573	t	2022-07-24 15:00:38.768545+00	t	88	1940156
574	t	2022-07-24 15:00:39.327627+00	t	88	1470067
575	t	2022-07-24 16:00:39.235603+00	t	88	1940156
576	t	2022-07-24 16:00:39.84841+00	t	88	1470067
577	t	2022-07-24 17:00:38.726334+00	t	88	1470067
578	t	2022-07-24 17:00:39.293256+00	t	88	1940156
579	t	2022-07-24 18:00:38.797871+00	t	88	1940156
580	t	2022-07-24 18:00:39.343153+00	t	88	1470067
581	t	2022-07-24 19:00:38.857001+00	t	88	1470067
582	t	2022-07-24 19:00:39.465713+00	t	88	1940156
583	t	2022-07-24 20:00:38.786105+00	t	88	1940156
584	t	2022-07-24 20:00:39.347945+00	t	88	1470067
585	t	2022-07-25 03:59:52.068107+00	t	88	1940156
586	t	2022-07-25 03:59:52.638421+00	t	88	1470067
587	t	2022-07-25 04:00:38.83607+00	t	88	1940156
588	t	2022-07-25 04:00:39.385765+00	t	88	1470067
589	t	2022-07-25 05:00:38.691759+00	t	88	1940156
590	t	2022-07-25 05:00:39.271441+00	t	88	1470067
\.


--
-- Data for Name: token__market; Type: TABLE DATA; Schema: public; Owner: monster_discount
--

COPY public.token__market (token, market_id, wants_aldi) FROM stdin;
eYCQY7y_Qvmcqbr-CVHDQA:APA91bGhaosrGFIEaOFs-TvmIGkyIzkVCjX7LCwnbQwoTG2tA-RdzFF001nTosPioQbTPFN6zOaivmepo82ROGKXrk9RuCtvJ7Wf_lmHYm2xK1g25Ju62nCdpCuCAJ9nkPm8CIUJnUgA	1940156	t
fpk9OgOlTVympQXQbdA1ND:APA91bF-I_A3AzvL2HaMDB9tUL3lMBOSPuKvLYmMNniUL9KhS4bEP1OOfmHQcgPbiEpo0UNNITv0VvVSxpwDoLRafIWfh4Up1tOTmC1by_ARaEammKI3rJ06Y1mDQduwsKgdUueA4p6T	1940156	t
d-1N_14xRgS1H6z7IwYIr6:APA91bEfddtJbISC4RnFKoqyUBf5aiDN_1h-wpjl_sV-QDaaILL-K8pEGx_0_Uj9o2mfLE3Ajj8iD2AM4Lh8ePirg7iWiPcZnJslSZPmLB_TmJ2HsH9HxQS2rYHkIHfUtZ4X2eJWKW3t	1470067	t
d-1N_14xRgS1H6z7IwYIr6:APA91bEfddtJbISC4RnFKoqyUBf5aiDN_1h-wpjl_sV-QDaaILL-K8pEGx_0_Uj9o2mfLE3Ajj8iD2AM4Lh8ePirg7iWiPcZnJslSZPmLB_TmJ2HsH9HxQS2rYHkIHfUtZ4X2eJWKW3t	1940156	t
\.


--
-- Name: scrapes_id_seq; Type: SEQUENCE SET; Schema: public; Owner: monster_discount
--

SELECT pg_catalog.setval('public.scrapes_id_seq', 590, true);


--
-- Name: _sqlx_migrations _sqlx_migrations_pkey; Type: CONSTRAINT; Schema: public; Owner: monster_discount
--

ALTER TABLE ONLY public._sqlx_migrations
    ADD CONSTRAINT _sqlx_migrations_pkey PRIMARY KEY (version);


--
-- Name: markets markets_pk; Type: CONSTRAINT; Schema: public; Owner: monster_discount
--

ALTER TABLE ONLY public.markets
    ADD CONSTRAINT markets_pk PRIMARY KEY (id);


--
-- Name: scrapes scrapes_pk; Type: CONSTRAINT; Schema: public; Owner: monster_discount
--

ALTER TABLE ONLY public.scrapes
    ADD CONSTRAINT scrapes_pk PRIMARY KEY (id);


--
-- Name: token__market user__market_markets_id_fk; Type: FK CONSTRAINT; Schema: public; Owner: monster_discount
--

ALTER TABLE ONLY public.token__market
    ADD CONSTRAINT user__market_markets_id_fk FOREIGN KEY (market_id) REFERENCES public.markets(id);


--
-- PostgreSQL database dump complete
--

